<?xml version="1.0" encoding="UTF-8"?>
<project-private xmlns="http://www.netbeans.org/ns/project-private/1">
    <editor-bookmarks xmlns="http://www.netbeans.org/ns/editor-bookmarks/2" lastBookmarkId="0"/>
    <open-files xmlns="http://www.netbeans.org/ns/projectui-open-files/2">
        <group>
            <file>file:/C:/Users/PC/Downloads/Demoshop/src/Vistas/Vista.java</file>
            <file>file:/C:/Users/PC/Downloads/Demoshop/src/Vistas/Menu.java</file>
            <file>file:/C:/Users/PC/Downloads/Demoshop/src/Vistas/EliminarUsuarios.java</file>
            <file>file:/C:/Users/PC/Downloads/Demoshop/src/Vistas/Registrar.java</file>
            <file>file:/C:/Users/PC/Downloads/Demoshop/src/demoshop2/Producto.java</file>
            <file>file:/C:/Users/PC/Downloads/Demoshop/src/demoshop2/Demoshop2.java</file>
        </group>
    </open-files>
</project-private>
